ProductID,ProductName,ProductNumber,Color,StandardCost,ListPrice,Size,Weight,SellStartDate,SellEndDate,DiscontinuedDate,ParentProductCategoryID,ProductCategoryName,ProductModelID,ProductModelIDDOS,ProductModelName
,,,,,,,,,,,,Clothing,,,
,,,,,,,,,,,,Bikes,,,
,,,,,,,,,,,,Accessories,,,
,,,,,,,,,,,,Components,,,
680,"HL Road Frame - Black, 58",FR-R92B-58,Black,"10,593,100","14,315,000",58,1016.04,2002-06-01T00:00:00.0000000,,,2,Road Frames,6,6,HL Road Frame
706,"HL Road Frame - Red, 58",FR-R92R-58,Red,"10,593,100","14,315,000",58,1016.04,2002-06-01T00:00:00.0000000,,,2,Road Frames,6,6,HL Road Frame
707,"Sport-100 Helmet, Red",HL-U509-R,Red,"130,863","349,900",,,2005-07-01T00:00:00.0000000,,,4,Helmets,33,33,Sport-100
708,"Sport-100 Helmet, Black",HL-U509,Black,"130,863","349,900",,,2005-07-01T00:00:00.0000000,,,4,Helmets,33,33,Sport-100
709,"Mountain Bike Socks, M",SO-B909-M,White,"33,963","95,000",M,,2005-07-01T00:00:00.0000000,2006-06-30T00:00:00.0000000,,3,Socks,18,18,Mountain Bike Socks
710,"Mountain Bike Socks, L",SO-B909-L,White,"33,963","95,000",L,,2005-07-01T00:00:00.0000000,2006-06-30T00:00:00.0000000,,3,Socks,18,18,Mountain Bike Socks
711,"Sport-100 Helmet, Blue",HL-U509-B,Blue,"130,863","349,900",,,2005-07-01T00:00:00.0000000,,,4,Helmets,33,33,Sport-100
712,AWC Logo Cap,CA-1098,Multi,"69,223","89,900",,,2005-07-01T00:00:00.0000000,,,3,Caps,2,2,Cycling Cap
713,"Long-Sleeve Logo Jersey, S",LJ-0192-S,Multi,"384,923","499,900",S,,2005-07-01T00:00:00.0000000,,,3,Jerseys,11,11,Long-Sleeve Logo Jersey
714,"Long-Sleeve Logo Jersey, M",LJ-0192-M,Multi,"384,923","499,900",M,,2005-07-01T00:00:00.0000000,,,3,Jerseys,11,11,Long-Sleeve Logo Jersey
715,"Long-Sleeve Logo Jersey, L",LJ-0192-L,Multi,"384,923","499,900",L,,2005-07-01T00:00:00.0000000,,,3,Jerseys,11,11,Long-Sleeve Logo Jersey
716,"Long-Sleeve Logo Jersey, XL",LJ-0192-X,Multi,"384,923","499,900",XL,,2005-07-01T00:00:00.0000000,,,3,Jerseys,11,11,Long-Sleeve Logo Jersey
717,"HL Road Frame - Red, 62",FR-R92R-62,Red,"8,686,342","14,315,000",62,1043.26,2005-07-01T00:00:00.0000000,,,2,Road Frames,6,6,HL Road Frame
718,"HL Road Frame - Red, 44",FR-R92R-44,Red,"8,686,342","14,315,000",44,961.61,2005-07-01T00:00:00.0000000,,,2,Road Frames,6,6,HL Road Frame
719,"HL Road Frame - Red, 48",FR-R92R-48,Red,"8,686,342","14,315,000",48,979.75,2005-07-01T00:00:00.0000000,,,2,Road Frames,6,6,HL Road Frame
720,"HL Road Frame - Red, 52",FR-R92R-52,Red,"8,686,342","14,315,000",52,997.9,2005-07-01T00:00:00.0000000,,,2,Road Frames,6,6,HL Road Frame
721,"HL Road Frame - Red, 56",FR-R92R-56,Red,"8,686,342","14,315,000",56,1016.04,2005-07-01T00:00:00.0000000,,,2,Road Frames,6,6,HL Road Frame
722,"LL Road Frame - Black, 58",FR-R38B-58,Black,"2,046,251","3,372,200",58,1115.83,2005-07-01T00:00:00.0000000,,,2,Road Frames,9,9,LL Road Frame
723,"LL Road Frame - Black, 60",FR-R38B-60,Black,"2,046,251","3,372,200",60,1124.9,2005-07-01T00:00:00.0000000,,,2,Road Frames,9,9,LL Road Frame
724,"LL Road Frame - Black, 62",FR-R38B-62,Black,"2,046,251","3,372,200",62,1133.98,2005-07-01T00:00:00.0000000,,,2,Road Frames,9,9,LL Road Frame
725,"LL Road Frame - Red, 44",FR-R38R-44,Red,"1,871,571","3,372,200",44,1052.33,2005-07-01T00:00:00.0000000,2007-06-30T00:00:00.0000000,,2,Road Frames,9,9,LL Road Frame
726,"LL Road Frame - Red, 48",FR-R38R-48,Red,"1,871,571","3,372,200",48,1070.47,2005-07-01T00:00:00.0000000,2007-06-30T00:00:00.0000000,,2,Road Frames,9,9,LL Road Frame
727,"LL Road Frame - Red, 52",FR-R38R-52,Red,"1,871,571","3,372,200",52,1088.62,2005-07-01T00:00:00.0000000,2007-06-30T00:00:00.0000000,,2,Road Frames,9,9,LL Road Frame
728,"LL Road Frame - Red, 58",FR-R38R-58,Red,"1,871,571","3,372,200",58,1115.83,2005-07-01T00:00:00.0000000,2007-06-30T00:00:00.0000000,,2,Road Frames,9,9,LL Road Frame
729,"LL Road Frame - Red, 60",FR-R38R-60,Red,"1,871,571","3,372,200",60,1124.9,2005-07-01T00:00:00.0000000,2007-06-30T00:00:00.0000000,,2,Road Frames,9,9,LL Road Frame
730,"LL Road Frame - Red, 62",FR-R38R-62,Red,"1,871,571","3,372,200",62,1133.98,2005-07-01T00:00:00.0000000,2007-06-30T00:00:00.0000000,,2,Road Frames,9,9,LL Road Frame
731,"ML Road Frame - Red, 44",FR-R72R-44,Red,"3,521,394","5,948,300",44,1006.97,2005-07-01T00:00:00.0000000,2006-06-30T00:00:00.0000000,,2,Road Frames,16,16,ML Road Frame
732,"ML Road Frame - Red, 48",FR-R72R-48,Red,"3,521,394","5,948,300",48,1025.11,2005-07-01T00:00:00.0000000,2006-06-30T00:00:00.0000000,,2,Road Frames,16,16,ML Road Frame
733,"ML Road Frame - Red, 52",FR-R72R-52,Red,"3,521,394","5,948,300",52,1043.26,2005-07-01T00:00:00.0000000,2006-06-30T00:00:00.0000000,,2,Road Frames,16,16,ML Road Frame
734,"ML Road Frame - Red, 58",FR-R72R-58,Red,"3,521,394","5,948,300",58,1070.47,2005-07-01T00:00:00.0000000,2006-06-30T00:00:00.0000000,,2,Road Frames,16,16,ML Road Frame
735,"ML Road Frame - Red, 60",FR-R72R-60,Red,"3,521,394","5,948,300",60,1079.54,2005-07-01T00:00:00.0000000,2006-06-30T00:00:00.0000000,,2,Road Frames,16,16,ML Road Frame
736,"LL Road Frame - Black, 44",FR-R38B-44,Black,"2,046,251","3,372,200",44,1052.33,2005-07-01T00:00:00.0000000,,,2,Road Frames,9,9,LL Road Frame
737,"LL Road Frame - Black, 48",FR-R38B-48,Black,"2,046,251","3,372,200",48,1070.47,2005-07-01T00:00:00.0000000,,,2,Road Frames,9,9,LL Road Frame
738,"LL Road Frame - Black, 52",FR-R38B-52,Black,"2,046,251","3,372,200",52,1088.62,2005-07-01T00:00:00.0000000,,,2,Road Frames,9,9,LL Road Frame
739,"HL Mountain Frame - Silver, 42",FR-M94S-42,Silver,"7,472,002","13,645,000",42,1233.76,2005-07-01T00:00:00.0000000,,,2,Mountain Frames,5,5,HL Mountain Frame
740,"HL Mountain Frame - Silver, 44",FR-M94S-44,Silver,"7,068,110","13,645,000",44,1251.91,2005-07-01T00:00:00.0000000,2006-06-30T00:00:00.0000000,,2,Mountain Frames,5,5,HL Mountain Frame
741,"HL Mountain Frame - Silver, 48",FR-M94S-52,Silver,"7,068,110","13,645,000",48,1270.05,2005-07-01T00:00:00.0000000,2006-06-30T00:00:00.0000000,,2,Mountain Frames,5,5,HL Mountain Frame
742,"HL Mountain Frame - Silver, 46",FR-M94S-46,Silver,"7,472,002","13,645,000",46,1288.2,2005-07-01T00:00:00.0000000,,,2,Mountain Frames,5,5,HL Mountain Frame
743,"HL Mountain Frame - Black, 42",FR-M94B-42,Black,"7,390,410","13,496,000",42,1233.76,2005-07-01T00:00:00.0000000,,,2,Mountain Frames,5,5,HL Mountain Frame
744,"HL Mountain Frame - Black, 44",FR-M94B-44,Black,"6,990,928","13,496,000",44,1251.91,2005-07-01T00:00:00.0000000,2006-06-30T00:00:00.0000000,,2,Mountain Frames,5,5,HL Mountain Frame
745,"HL Mountain Frame - Black, 48",FR-M94B-48,Black,"6,990,928","13,496,000",48,1270.05,2005-07-01T00:00:00.0000000,2006-06-30T00:00:00.0000000,,2,Mountain Frames,5,5,HL Mountain Frame
746,"HL Mountain Frame - Black, 46",FR-M94B-46,Black,"7,390,410","13,496,000",46,1288.2,2005-07-01T00:00:00.0000000,,,2,Mountain Frames,5,5,HL Mountain Frame
747,"HL Mountain Frame - Black, 38",FR-M94B-38,Black,"7,390,410","13,496,000",38,1215.62,2005-07-01T00:00:00.0000000,,,2,Mountain Frames,5,5,HL Mountain Frame
748,"HL Mountain Frame - Silver, 38",FR-M94S-38,Silver,"7,472,002","13,645,000",38,1215.62,2005-07-01T00:00:00.0000000,,,2,Mountain Frames,5,5,HL Mountain Frame
749,"Road-150 Red, 62",BK-R93R-62,Red,"21,712,942","35,782,700",62,6803.85,2005-07-01T00:00:00.0000000,2006-06-30T00:00:00.0000000,,1,Road Bikes,25,25,Road-150
750,"Road-150 Red, 44",BK-R93R-44,Red,"21,712,942","35,782,700",44,6245.93,2005-07-01T00:00:00.0000000,2006-06-30T00:00:00.0000000,,1,Road Bikes,25,25,Road-150
751,"Road-150 Red, 48",BK-R93R-48,Red,"21,712,942","35,782,700",48,6409.23,2005-07-01T00:00:00.0000000,2006-06-30T00:00:00.0000000,,1,Road Bikes,25,25,Road-150
752,"Road-150 Red, 52",BK-R93R-52,Red,"21,712,942","35,782,700",52,6540.77,2005-07-01T00:00:00.0000000,2006-06-30T00:00:00.0000000,,1,Road Bikes,25,25,Road-150
753,"Road-150 Red, 56",BK-R93R-56,Red,"21,712,942","35,782,700",56,6658.7,2005-07-01T00:00:00.0000000,2006-06-30T00:00:00.0000000,,1,Road Bikes,25,25,Road-150
754,"Road-450 Red, 58",BK-R68R-58,Red,"8,847,083","14,579,900",58,8069.37,2005-07-01T00:00:00.0000000,2006-06-30T00:00:00.0000000,,1,Road Bikes,28,28,Road-450
755,"Road-450 Red, 60",BK-R68R-60,Red,"8,847,083","14,579,900",60,8119.26,2005-07-01T00:00:00.0000000,2006-06-30T00:00:00.0000000,,1,Road Bikes,28,28,Road-450
756,"Road-450 Red, 44",BK-R68R-44,Red,"8,847,083","14,579,900",44,7606.7,2005-07-01T00:00:00.0000000,2006-06-30T00:00:00.0000000,,1,Road Bikes,28,28,Road-450
757,"Road-450 Red, 48",BK-R68R-48,Red,"8,847,083","14,579,900",48,7770,2005-07-01T00:00:00.0000000,2006-06-30T00:00:00.0000000,,1,Road Bikes,28,28,Road-450
758,"Road-450 Red, 52",BK-R68R-52,Red,"8,847,083","14,579,900",52,7901.54,2005-07-01T00:00:00.0000000,2006-06-30T00:00:00.0000000,,1,Road Bikes,28,28,Road-450
759,"Road-650 Red, 58",BK-R50R-58,Red,"4,867,066","7,829,900",58,8976.55,2005-07-01T00:00:00.0000000,2007-06-30T00:00:00.0000000,,1,Road Bikes,30,30,Road-650
760,"Road-650 Red, 60",BK-R50R-60,Red,"4,867,066","7,829,900",60,9026.44,2005-07-01T00:00:00.0000000,2007-06-30T00:00:00.0000000,,1,Road Bikes,30,30,Road-650
761,"Road-650 Red, 62",BK-R50R-62,Red,"4,867,066","7,829,900",62,9071.8,2005-07-01T00:00:00.0000000,2007-06-30T00:00:00.0000000,,1,Road Bikes,30,30,Road-650
762,"Road-650 Red, 44",BK-R50R-44,Red,"4,867,066","7,829,900",44,8513.88,2005-07-01T00:00:00.0000000,2007-06-30T00:00:00.0000000,,1,Road Bikes,30,30,Road-650
763,"Road-650 Red, 48",BK-R50R-48,Red,"4,867,066","7,829,900",48,8677.18,2005-07-01T00:00:00.0000000,2007-06-30T00:00:00.0000000,,1,Road Bikes,30,30,Road-650
764,"Road-650 Red, 52",BK-R50R-52,Red,"4,867,066","7,829,900",52,8808.72,2005-07-01T00:00:00.0000000,2007-06-30T00:00:00.0000000,,1,Road Bikes,30,30,Road-650
765,"Road-650 Black, 58",BK-R50B-58,Black,"4,867,066","7,829,900",58,8976.55,2005-07-01T00:00:00.0000000,2007-06-30T00:00:00.0000000,,1,Road Bikes,30,30,Road-650
766,"Road-650 Black, 60",BK-R50B-60,Black,"4,867,066","7,829,900",60,9026.44,2005-07-01T00:00:00.0000000,2007-06-30T00:00:00.0000000,,1,Road Bikes,30,30,Road-650
767,"Road-650 Black, 62",BK-R50B-62,Black,"4,867,066","7,829,900",62,9071.8,2005-07-01T00:00:00.0000000,2007-06-30T00:00:00.0000000,,1,Road Bikes,30,30,Road-650
768,"Road-650 Black, 44",BK-R50B-44,Black,"4,867,066","7,829,900",44,8513.88,2005-07-01T00:00:00.0000000,2007-06-30T00:00:00.0000000,,1,Road Bikes,30,30,Road-650
769,"Road-650 Black, 48",BK-R50B-48,Black,"4,867,066","7,829,900",48,8677.18,2005-07-01T00:00:00.0000000,2007-06-30T00:00:00.0000000,,1,Road Bikes,30,30,Road-650
770,"Road-650 Black, 52",BK-R50B-52,Black,"4,867,066","7,829,900",52,8808.72,2005-07-01T00:00:00.0000000,2007-06-30T00:00:00.0000000,,1,Road Bikes,30,30,Road-650
771,"Mountain-100 Silver, 38",BK-M82S-38,Silver,"19,121,544","33,999,900",38,9230.56,2005-07-01T00:00:00.0000000,2006-06-30T00:00:00.0000000,,1,Mountain Bikes,19,19,Mountain-100
772,"Mountain-100 Silver, 42",BK-M82S-42,Silver,"19,121,544","33,999,900",42,9421.06,2005-07-01T00:00:00.0000000,2006-06-30T00:00:00.0000000,,1,Mountain Bikes,19,19,Mountain-100
773,"Mountain-100 Silver, 44",BK-M82S-44,Silver,"19,121,544","33,999,900",44,9584.36,2005-07-01T00:00:00.0000000,2006-06-30T00:00:00.0000000,,1,Mountain Bikes,19,19,Mountain-100
774,"Mountain-100 Silver, 48",BK-M82S-48,Silver,"19,121,544","33,999,900",48,9715.9,2005-07-01T00:00:00.0000000,2006-06-30T00:00:00.0000000,,1,Mountain Bikes,19,19,Mountain-100
775,"Mountain-100 Black, 38",BK-M82B-38,Black,"18,980,944","33,749,900",38,9230.56,2005-07-01T00:00:00.0000000,2006-06-30T00:00:00.0000000,,1,Mountain Bikes,19,19,Mountain-100
776,"Mountain-100 Black, 42",BK-M82B-42,Black,"18,980,944","33,749,900",42,9421.06,2005-07-01T00:00:00.0000000,2006-06-30T00:00:00.0000000,,1,Mountain Bikes,19,19,Mountain-100
777,"Mountain-100 Black, 44",BK-M82B-44,Black,"18,980,944","33,749,900",44,9584.36,2005-07-01T00:00:00.0000000,2006-06-30T00:00:00.0000000,,1,Mountain Bikes,19,19,Mountain-100
778,"Mountain-100 Black, 48",BK-M82B-48,Black,"18,980,944","33,749,900",48,9715.9,2005-07-01T00:00:00.0000000,2006-06-30T00:00:00.0000000,,1,Mountain Bikes,19,19,Mountain-100
779,"Mountain-200 Silver, 38",BK-M68S-38,Silver,"12,656,195","23,199,900",38,10591.33,2006-07-01T00:00:00.0000000,,,1,Mountain Bikes,20,20,Mountain-200
780,"Mountain-200 Silver, 42",BK-M68S-42,Silver,"12,656,195","23,199,900",42,10781.83,2006-07-01T00:00:00.0000000,,,1,Mountain Bikes,20,20,Mountain-200
781,"Mountain-200 Silver, 46",BK-M68S-46,Silver,"12,656,195","23,199,900",46,10945.13,2006-07-01T00:00:00.0000000,,,1,Mountain Bikes,20,20,Mountain-200
782,"Mountain-200 Black, 38",BK-M68B-38,Black,"12,519,813","22,949,900",38,10591.33,2006-07-01T00:00:00.0000000,,,1,Mountain Bikes,20,20,Mountain-200
783,"Mountain-200 Black, 42",BK-M68B-42,Black,"12,519,813","22,949,900",42,10781.83,2006-07-01T00:00:00.0000000,,,1,Mountain Bikes,20,20,Mountain-200
784,"Mountain-200 Black, 46",BK-M68B-46,Black,"12,519,813","22,949,900",46,10945.13,2006-07-01T00:00:00.0000000,,,1,Mountain Bikes,20,20,Mountain-200
785,"Mountain-300 Black, 38",BK-M47B-38,Black,"5,984,354","10,799,900",38,11498.51,2006-07-01T00:00:00.0000000,2007-06-30T00:00:00.0000000,,1,Mountain Bikes,21,21,Mountain-300
786,"Mountain-300 Black, 40",BK-M47B-40,Black,"5,984,354","10,799,900",40,11689.01,2006-07-01T00:00:00.0000000,2007-06-30T00:00:00.0000000,,1,Mountain Bikes,21,21,Mountain-300
787,"Mountain-300 Black, 44",BK-M47B-44,Black,"5,984,354","10,799,900",44,11852.31,2006-07-01T00:00:00.0000000,2007-06-30T00:00:00.0000000,,1,Mountain Bikes,21,21,Mountain-300
788,"Mountain-300 Black, 48",BK-M47B-48,Black,"5,984,354","10,799,900",48,11983.85,2006-07-01T00:00:00.0000000,2007-06-30T00:00:00.0000000,,1,Mountain Bikes,21,21,Mountain-300
789,"Road-250 Red, 44",BK-R89R-44,Red,"15,187,864","24,433,500",44,6699.52,2006-07-01T00:00:00.0000000,2007-06-30T00:00:00.0000000,,1,Road Bikes,26,26,Road-250
790,"Road-250 Red, 48",BK-R89R-48,Red,"15,187,864","24,433,500",48,6862.82,2006-07-01T00:00:00.0000000,2007-06-30T00:00:00.0000000,,1,Road Bikes,26,26,Road-250
791,"Road-250 Red, 52",BK-R89R-52,Red,"15,187,864","24,433,500",52,6994.36,2006-07-01T00:00:00.0000000,2007-06-30T00:00:00.0000000,,1,Road Bikes,26,26,Road-250
792,"Road-250 Red, 58",BK-R89R-58,Red,"15,549,479","24,433,500",58,7162.19,2006-07-01T00:00:00.0000000,,,1,Road Bikes,26,26,Road-250
793,"Road-250 Black, 44",BK-R89B-44,Black,"15,549,479","24,433,500",44,6699.52,2006-07-01T00:00:00.0000000,,,1,Road Bikes,26,26,Road-250
794,"Road-250 Black, 48",BK-R89B-48,Black,"15,549,479","24,433,500",48,6862.82,2006-07-01T00:00:00.0000000,,,1,Road Bikes,26,26,Road-250
795,"Road-250 Black, 52",BK-R89B-52,Black,"15,549,479","24,433,500",52,6994.36,2006-07-01T00:00:00.0000000,,,1,Road Bikes,26,26,Road-250
796,"Road-250 Black, 58",BK-R89B-58,Black,"15,549,479","24,433,500",58,7112.29,2006-07-01T00:00:00.0000000,,,1,Road Bikes,26,26,Road-250
797,"Road-550-W Yellow, 38",BK-R64Y-38,Yellow,"7,130,798","11,204,900",38,7869.79,2006-07-01T00:00:00.0000000,,,1,Road Bikes,29,29,Road-550-W
798,"Road-550-W Yellow, 40",BK-R64Y-40,Yellow,"7,130,798","11,204,900",40,8060.29,2006-07-01T00:00:00.0000000,,,1,Road Bikes,29,29,Road-550-W
799,"Road-550-W Yellow, 42",BK-R64Y-42,Yellow,"7,130,798","11,204,900",42,8223.59,2006-07-01T00:00:00.0000000,,,1,Road Bikes,29,29,Road-550-W
800,"Road-550-W Yellow, 44",BK-R64Y-44,Yellow,"7,130,798","11,204,900",44,8355.13,2006-07-01T00:00:00.0000000,,,1,Road Bikes,29,29,Road-550-W
801,"Road-550-W Yellow, 48",BK-R64Y-48,Yellow,"7,130,798","11,204,900",48,8473.06,2006-07-01T00:00:00.0000000,,,1,Road Bikes,29,29,Road-550-W
802,LL Fork,FK-1639,,"658,097","1,482,200",,,2006-07-01T00:00:00.0000000,2007-06-30T00:00:00.0000000,,2,Forks,104,104,LL Fork
803,ML Fork,FK-5136,,"779,176","1,754,900",,,2006-07-01T00:00:00.0000000,2007-06-30T00:00:00.0000000,,2,Forks,105,105,ML Fork
804,HL Fork,FK-9939,,"1,018,936","2,294,900",,,2006-07-01T00:00:00.0000000,2007-06-30T00:00:00.0000000,,2,Forks,106,106,HL Fork
805,LL Headset,HS-0296,,"151,848","342,000",,,2006-07-01T00:00:00.0000000,2007-06-30T00:00:00.0000000,,2,Headsets,59,59,LL Headset
806,ML Headset,HS-2451,,"454,168","1,022,900",,,2006-07-01T00:00:00.0000000,2007-06-30T00:00:00.0000000,,2,Headsets,60,60,ML Headset
807,HL Headset,HS-3479,,"553,801","1,247,300",,,2006-07-01T00:00:00.0000000,2007-06-30T00:00:00.0000000,,2,Headsets,61,61,HL Headset
808,LL Mountain Handlebars,HB-M243,,"197,758","445,400",,,2006-07-01T00:00:00.0000000,,,2,Handlebars,52,52,LL Mountain Handlebars
809,ML Mountain Handlebars,HB-M763,,"274,925","619,200",,,2006-07-01T00:00:00.0000000,,,2,Handlebars,54,54,ML Mountain Handlebars
810,HL Mountain Handlebars,HB-M918,,"533,999","1,202,700",,,2006-07-01T00:00:00.0000000,,,2,Handlebars,55,55,HL Mountain Handlebars
811,LL Road Handlebars,HB-R504,,"197,758","445,400",,,2006-07-01T00:00:00.0000000,,,2,Handlebars,56,56,LL Road Handlebars
812,ML Road Handlebars,HB-R720,,"274,925","619,200",,,2006-07-01T00:00:00.0000000,,,2,Handlebars,57,57,ML Road Handlebars
813,HL Road Handlebars,HB-R956,,"533,999","1,202,700",,,2006-07-01T00:00:00.0000000,,,2,Handlebars,58,58,HL Road Handlebars
814,"ML Mountain Frame - Black, 38",FR-M63B-38,Black,"1,858,193","3,487,600",38,1238.3,2006-07-01T00:00:00.0000000,2007-06-30T00:00:00.0000000,,2,Mountain Frames,15,15,ML Mountain Frame-W
815,LL Mountain Front Wheel,FW-M423,Black,"269,708","607,450",,,2006-07-01T00:00:00.0000000,2007-06-30T00:00:00.0000000,,2,Wheels,42,42,LL Mountain Front Wheel
816,ML Mountain Front Wheel,FW-M762,Black,"928,071","2,090,250",,,2006-07-01T00:00:00.0000000,2007-06-30T00:00:00.0000000,,2,Wheels,45,45,ML Mountain Front Wheel
817,HL Mountain Front Wheel,FW-M928,Black,"1,332,955","3,002,150",,,2006-07-01T00:00:00.0000000,2007-06-30T00:00:00.0000000,,2,Wheels,46,46,HL Mountain Front Wheel
818,LL Road Front Wheel,FW-R623,Black,"379,909","855,650",,900,2006-07-01T00:00:00.0000000,2007-06-30T00:00:00.0000000,,2,Wheels,49,49,LL Road Front Wheel
819,ML Road Front Wheel,FW-R762,Black,"1,102,829","2,483,850",,850,2006-07-01T00:00:00.0000000,2007-06-30T00:00:00.0000000,,2,Wheels,50,50,ML Road Front Wheel
820,HL Road Front Wheel,FW-R820,Black,"1,465,466","3,300,600",,650,2006-07-01T00:00:00.0000000,2007-06-30T00:00:00.0000000,,2,Wheels,51,51,HL Road Front Wheel
821,Touring Front Wheel,FW-T905,Black,"967,964","2,180,100",,,2006-07-01T00:00:00.0000000,2007-06-30T00:00:00.0000000,,2,Wheels,44,44,Touring Front Wheel
822,"ML Road Frame-W - Yellow, 38",FR-R72Y-38,Yellow,"3,609,428","5,948,300",38,988.83,2006-07-01T00:00:00.0000000,,,2,Road Frames,17,17,ML Road Frame-W
823,LL Mountain Rear Wheel,RW-M423,Black,"389,588","877,450",,,2006-07-01T00:00:00.0000000,2007-06-30T00:00:00.0000000,,2,Wheels,123,123,LL Mountain Rear Wheel
824,ML Mountain Rear Wheel,RW-M762,Black,"1,047,951","2,360,250",,,2006-07-01T00:00:00.0000000,2007-06-30T00:00:00.0000000,,2,Wheels,124,124,ML Mountain Rear Wheel
825,HL Mountain Rear Wheel,RW-M928,Black,"1,452,835","3,272,150",,,2006-07-01T00:00:00.0000000,2007-06-30T00:00:00.0000000,,2,Wheels,125,125,HL Mountain Rear Wheel
826,LL Road Rear Wheel,RW-R623,Black,"499,789","1,125,650",,1050,2006-07-01T00:00:00.0000000,2007-06-30T00:00:00.0000000,,2,Wheels,126,126,LL Road Rear Wheel
827,ML Road Rear Wheel,RW-R762,Black,"1,222,709","2,753,850",,1000,2006-07-01T00:00:00.0000000,2007-06-30T00:00:00.0000000,,2,Wheels,77,77,ML Road Rear Wheel
828,HL Road Rear Wheel,RW-R820,Black,"1,585,346","3,570,600",,890,2006-07-01T00:00:00.0000000,2007-06-30T00:00:00.0000000,,2,Wheels,78,78,HL Road Rear Wheel
829,Touring Rear Wheel,RW-T905,Black,"1,087,844","2,450,100",,,2006-07-01T00:00:00.0000000,2007-06-30T00:00:00.0000000,,2,Wheels,43,43,Touring Rear Wheel
830,"ML Mountain Frame - Black, 40",FR-M63B-40,Black,"1,858,193","3,487,600",40,1256.44,2006-07-01T00:00:00.0000000,2007-06-30T00:00:00.0000000,,2,Mountain Frames,14,14,ML Mountain Frame
831,"ML Mountain Frame - Black, 44",FR-M63B-44,Black,"1,858,193","3,487,600",44,1274.59,2006-07-01T00:00:00.0000000,2007-06-30T00:00:00.0000000,,2,Mountain Frames,14,14,ML Mountain Frame
832,"ML Mountain Frame - Black, 48",FR-M63B-48,Black,"1,858,193","3,487,600",48,1292.73,2006-07-01T00:00:00.0000000,2007-06-30T00:00:00.0000000,,2,Mountain Frames,14,14,ML Mountain Frame
833,"ML Road Frame-W - Yellow, 40",FR-R72Y-40,Yellow,"3,609,428","5,948,300",40,1006.97,2006-07-01T00:00:00.0000000,,,2,Road Frames,17,17,ML Road Frame-W
834,"ML Road Frame-W - Yellow, 42",FR-R72Y-42,Yellow,"3,609,428","5,948,300",42,1025.11,2006-07-01T00:00:00.0000000,,,2,Road Frames,17,17,ML Road Frame-W
835,"ML Road Frame-W - Yellow, 44",FR-R72Y-44,Yellow,"3,609,428","5,948,300",44,1043.26,2006-07-01T00:00:00.0000000,,,2,Road Frames,17,17,ML Road Frame-W
836,"ML Road Frame-W - Yellow, 48",FR-R72Y-48,Yellow,"3,609,428","5,948,300",48,1061.4,2006-07-01T00:00:00.0000000,,,2,Road Frames,17,17,ML Road Frame-W
837,"HL Road Frame - Black, 62",FR-R92B-62,Black,"8,686,342","14,315,000",62,1043.26,2006-07-01T00:00:00.0000000,,,2,Road Frames,6,6,HL Road Frame
838,"HL Road Frame - Black, 44",FR-R92B-44,Black,"8,686,342","14,315,000",44,961.61,2006-07-01T00:00:00.0000000,,,2,Road Frames,6,6,HL Road Frame
839,"HL Road Frame - Black, 48",FR-R92B-48,Black,"8,686,342","14,315,000",48,979.75,2006-07-01T00:00:00.0000000,,,2,Road Frames,6,6,HL Road Frame
840,"HL Road Frame - Black, 52",FR-R92B-52,Black,"8,686,342","14,315,000",52,997.9,2006-07-01T00:00:00.0000000,,,2,Road Frames,6,6,HL Road Frame
841,"Men's Sports Shorts, S",SH-M897-S,Black,"247,459","599,900",S,,2006-07-01T00:00:00.0000000,2007-06-30T00:00:00.0000000,,3,Shorts,13,13,Men's Sports Shorts
842,"Touring-Panniers, Large",PA-T100,Grey,"515,625","1,250,000",,,2006-07-01T00:00:00.0000000,2007-06-30T00:00:00.0000000,,4,Panniers,120,120,Touring-Panniers
843,Cable Lock,LO-C100,,"103,125","250,000",,,2006-07-01T00:00:00.0000000,2007-06-30T00:00:00.0000000,,4,Locks,115,115,Cable Lock
844,Minipump,PU-0452,,"82,459","199,900",,,2006-07-01T00:00:00.0000000,2007-06-30T00:00:00.0000000,,4,Pumps,116,116,Minipump
845,Mountain Pump,PU-M044,,"103,084","249,900",,,2006-07-01T00:00:00.0000000,2007-06-30T00:00:00.0000000,,4,Pumps,117,117,Mountain Pump
846,Taillights - Battery-Powered,LT-T990,,"57,709","139,900",,,2006-07-01T00:00:00.0000000,2007-06-30T00:00:00.0000000,,4,Lights,108,108,Taillight
847,Headlights - Dual-Beam,LT-H902,,"144,334","349,900",,,2006-07-01T00:00:00.0000000,2007-06-30T00:00:00.0000000,,4,Lights,109,109,Headlights - Dual-Beam
848,Headlights - Weatherproof,LT-H903,,"185,584","449,900",,,2006-07-01T00:00:00.0000000,2007-06-30T00:00:00.0000000,,4,Lights,110,110,Headlights - Weatherproof
849,"Men's Sports Shorts, M",SH-M897-M,Black,"247,459","599,900",M,,2006-07-01T00:00:00.0000000,2007-06-30T00:00:00.0000000,,3,Shorts,13,13,Men's Sports Shorts
850,"Men's Sports Shorts, L",SH-M897-L,Black,"247,459","599,900",L,,2006-07-01T00:00:00.0000000,2007-06-30T00:00:00.0000000,,3,Shorts,13,13,Men's Sports Shorts
851,"Men's Sports Shorts, XL",SH-M897-X,Black,"247,459","599,900",XL,,2006-07-01T00:00:00.0000000,2007-06-30T00:00:00.0000000,,3,Shorts,13,13,Men's Sports Shorts
852,"Women's Tights, S",TG-W091-S,Black,"309,334","749,900",S,,2006-07-01T00:00:00.0000000,2007-06-30T00:00:00.0000000,,3,Tights,38,38,Women's Tights
853,"Women's Tights, M",TG-W091-M,Black,"309,334","749,900",M,,2006-07-01T00:00:00.0000000,2007-06-30T00:00:00.0000000,,3,Tights,38,38,Women's Tights
854,"Women's Tights, L",TG-W091-L,Black,"309,334","749,900",L,,2006-07-01T00:00:00.0000000,2007-06-30T00:00:00.0000000,,3,Tights,38,38,Women's Tights
855,"Men's Bib-Shorts, S",SB-M891-S,Multi,"371,209","899,900",S,,2006-07-01T00:00:00.0000000,2007-06-30T00:00:00.0000000,,3,Bib-Shorts,12,12,Men's Bib-Shorts
856,"Men's Bib-Shorts, M",SB-M891-M,Multi,"371,209","899,900",M,,2006-07-01T00:00:00.0000000,2007-06-30T00:00:00.0000000,,3,Bib-Shorts,12,12,Men's Bib-Shorts
857,"Men's Bib-Shorts, L",SB-M891-L,Multi,"371,209","899,900",L,,2006-07-01T00:00:00.0000000,2007-06-30T00:00:00.0000000,,3,Bib-Shorts,12,12,Men's Bib-Shorts
858,"Half-Finger Gloves, S",GL-H102-S,Black,"91,593","244,900",S,,2006-07-01T00:00:00.0000000,,,3,Gloves,4,4,Half-Finger Gloves
859,"Half-Finger Gloves, M",GL-H102-M,Black,"91,593","244,900",M,,2006-07-01T00:00:00.0000000,,,3,Gloves,4,4,Half-Finger Gloves
860,"Half-Finger Gloves, L",GL-H102-L,Black,"91,593","244,900",L,,2006-07-01T00:00:00.0000000,,,3,Gloves,4,4,Half-Finger Gloves
861,"Full-Finger Gloves, S",GL-F110-S,Black,"156,709","379,900",S,,2006-07-01T00:00:00.0000000,2007-06-30T00:00:00.0000000,,3,Gloves,3,3,Full-Finger Gloves
862,"Full-Finger Gloves, M",GL-F110-M,Black,"156,709","379,900",M,,2006-07-01T00:00:00.0000000,2007-06-30T00:00:00.0000000,,3,Gloves,3,3,Full-Finger Gloves
863,"Full-Finger Gloves, L",GL-F110-L,Black,"156,709","379,900",L,,2006-07-01T00:00:00.0000000,2007-06-30T00:00:00.0000000,,3,Gloves,3,3,Full-Finger Gloves
864,"Classic Vest, S",VE-C304-S,Blue,"237,490","635,000",S,,2007-07-01T00:00:00.0000000,,,3,Vests,1,1,Classic Vest
865,"Classic Vest, M",VE-C304-M,Blue,"237,490","635,000",M,,2007-07-01T00:00:00.0000000,,,3,Vests,1,1,Classic Vest
866,"Classic Vest, L",VE-C304-L,Blue,"237,490","635,000",L,,2007-07-01T00:00:00.0000000,,,3,Vests,1,1,Classic Vest
867,"Women's Mountain Shorts, S",SH-W890-S,Black,"261,763","699,900",S,,2007-07-01T00:00:00.0000000,,,3,Shorts,37,37,Women's Mountain Shorts
868,"Women's Mountain Shorts, M",SH-W890-M,Black,"261,763","699,900",M,,2007-07-01T00:00:00.0000000,,,3,Shorts,37,37,Women's Mountain Shorts
869,"Women's Mountain Shorts, L",SH-W890-L,Black,"261,763","699,900",L,,2007-07-01T00:00:00.0000000,,,3,Shorts,37,37,Women's Mountain Shorts
870,Water Bottle - 30 oz.,WB-H098,,"18,663","49,900",,,2007-07-01T00:00:00.0000000,,,4,Bottles and Cages,111,111,Water Bottle
871,Mountain Bottle Cage,BC-M005,,"37,363","99,900",,,2007-07-01T00:00:00.0000000,,,4,Bottles and Cages,112,112,Mountain Bottle Cage
872,Road Bottle Cage,BC-R205,,"33,623","89,900",,,2007-07-01T00:00:00.0000000,,,4,Bottles and Cages,113,113,Road Bottle Cage
873,Patch Kit/8 Patches,PK-7098,,"0,8565","22,900",,,2007-07-01T00:00:00.0000000,,,4,Tires and Tubes,114,114,Patch kit
874,"Racing Socks, M",SO-R809-M,White,"33,623","89,900",M,,2007-07-01T00:00:00.0000000,,,3,Socks,24,24,Racing Socks
875,"Racing Socks, L",SO-R809-L,White,"33,623","89,900",L,,2007-07-01T00:00:00.0000000,,,3,Socks,24,24,Racing Socks
876,Hitch Rack - 4-Bike,RA-H123,,"448,800","1,200,000",,,2007-07-01T00:00:00.0000000,,,4,Bike Racks,118,118,Hitch Rack - 4-Bike
877,Bike Wash - Dissolver,CL-9009,,"29,733","79,500",,,2007-07-01T00:00:00.0000000,,,4,Cleaners,119,119,Bike Wash
878,Fender Set - Mountain,FE-6654,,"82,205","219,800",,,2007-07-01T00:00:00.0000000,,,4,Fenders,121,121,Fender Set - Mountain
879,All-Purpose Bike Stand,ST-1401,,"594,660","1,590,000",,,2007-07-01T00:00:00.0000000,,,4,Bike Stands,122,122,All-Purpose Bike Stand
880,Hydration Pack - 70 oz.,HY-1023-70,Silver,"205,663","549,900",70,,2007-07-01T00:00:00.0000000,,,4,Hydration Packs,107,107,Hydration Pack
881,"Short-Sleeve Classic Jersey, S",SJ-0194-S,Yellow,"415,723","539,900",S,,2007-07-01T00:00:00.0000000,,,3,Jerseys,32,32,Short-Sleeve Classic Jersey
882,"Short-Sleeve Classic Jersey, M",SJ-0194-M,Yellow,"415,723","539,900",M,,2007-07-01T00:00:00.0000000,,,3,Jerseys,32,32,Short-Sleeve Classic Jersey
883,"Short-Sleeve Classic Jersey, L",SJ-0194-L,Yellow,"415,723","539,900",L,,2007-07-01T00:00:00.0000000,,,3,Jerseys,32,32,Short-Sleeve Classic Jersey
884,"Short-Sleeve Classic Jersey, XL",SJ-0194-X,Yellow,"415,723","539,900",XL,,2007-07-01T00:00:00.0000000,,,3,Jerseys,32,32,Short-Sleeve Classic Jersey
885,"HL Touring Frame - Yellow, 60",FR-T98Y-60,Yellow,"6,017,437","10,039,100",60,1397.06,2007-07-01T00:00:00.0000000,,,2,Touring Frames,7,7,HL Touring Frame
886,"LL Touring Frame - Yellow, 62",FR-T67Y-62,Yellow,"1,998,519","3,334,200",62,1451.49,2007-07-01T00:00:00.0000000,,,2,Touring Frames,10,10,LL Touring Frame
887,"HL Touring Frame - Yellow, 46",FR-T98Y-46,Yellow,"6,017,437","10,039,100",46,1342.63,2007-07-01T00:00:00.0000000,,,2,Touring Frames,7,7,HL Touring Frame
888,"HL Touring Frame - Yellow, 50",FR-T98Y-50,Yellow,"6,017,437","10,039,100",50,1360.77,2007-07-01T00:00:00.0000000,,,2,Touring Frames,7,7,HL Touring Frame
889,"HL Touring Frame - Yellow, 54",FR-T98Y-54,Yellow,"6,017,437","10,039,100",54,1378.91,2007-07-01T00:00:00.0000000,,,2,Touring Frames,7,7,HL Touring Frame
890,"HL Touring Frame - Blue, 46",FR-T98U-46,Blue,"6,017,437","10,039,100",46,1342.63,2007-07-01T00:00:00.0000000,,,2,Touring Frames,7,7,HL Touring Frame
891,"HL Touring Frame - Blue, 50",FR-T98U-50,Blue,"6,017,437","10,039,100",50,1360.77,2007-07-01T00:00:00.0000000,,,2,Touring Frames,7,7,HL Touring Frame
892,"HL Touring Frame - Blue, 54",FR-T98U-54,Blue,"6,017,437","10,039,100",54,1378.91,2007-07-01T00:00:00.0000000,,,2,Touring Frames,7,7,HL Touring Frame
893,"HL Touring Frame - Blue, 60",FR-T98U-60,Blue,"6,017,437","10,039,100",60,1397.06,2007-07-01T00:00:00.0000000,,,2,Touring Frames,7,7,HL Touring Frame
894,Rear Derailleur,RD-2308,Silver,"539,282","1,214,600",,215,2007-07-01T00:00:00.0000000,,,2,Derailleurs,127,127,Rear Derailleur
895,"LL Touring Frame - Blue, 50",FR-T67U-50,Blue,"1,998,519","3,334,200",50,1406.13,2007-07-01T00:00:00.0000000,,,2,Touring Frames,10,10,LL Touring Frame
896,"LL Touring Frame - Blue, 54",FR-T67U-54,Blue,"1,998,519","3,334,200",54,1424.27,2007-07-01T00:00:00.0000000,,,2,Touring Frames,10,10,LL Touring Frame
897,"LL Touring Frame - Blue, 58",FR-T67U-58,Blue,"1,998,519","3,334,200",58,1433.34,2007-07-01T00:00:00.0000000,,,2,Touring Frames,10,10,LL Touring Frame
898,"LL Touring Frame - Blue, 62",FR-T67U-62,Blue,"1,998,519","3,334,200",62,1451.49,2007-07-01T00:00:00.0000000,,,2,Touring Frames,10,10,LL Touring Frame
899,"LL Touring Frame - Yellow, 44",FR-T67Y-44,Yellow,"1,998,519","3,334,200",44,1369.84,2007-07-01T00:00:00.0000000,,,2,Touring Frames,10,10,LL Touring Frame
900,"LL Touring Frame - Yellow, 50",FR-T67Y-50,Yellow,"1,998,519","3,334,200",50,1406.13,2007-07-01T00:00:00.0000000,,,2,Touring Frames,10,10,LL Touring Frame
901,"LL Touring Frame - Yellow, 54",FR-T67Y-54,Yellow,"1,998,519","3,334,200",54,1424.27,2007-07-01T00:00:00.0000000,,,2,Touring Frames,10,10,LL Touring Frame
902,"LL Touring Frame - Yellow, 58",FR-T67Y-58,Yellow,"1,998,519","3,334,200",58,1433.34,2007-07-01T00:00:00.0000000,,,2,Touring Frames,10,10,LL Touring Frame
903,"LL Touring Frame - Blue, 44",FR-T67U-44,Blue,"1,998,519","3,334,200",44,1369.84,2007-07-01T00:00:00.0000000,,,2,Touring Frames,10,10,LL Touring Frame
904,"ML Mountain Frame-W - Silver, 40",FR-M63S-40,Silver,"1,993,757","3,640,900",40,1256.44,2007-07-01T00:00:00.0000000,,,2,Mountain Frames,15,15,ML Mountain Frame-W
905,"ML Mountain Frame-W - Silver, 42",FR-M63S-42,Silver,"1,993,757","3,640,900",42,1274.59,2007-07-01T00:00:00.0000000,,,2,Mountain Frames,15,15,ML Mountain Frame-W
906,"ML Mountain Frame-W - Silver, 46",FR-M63S-46,Silver,"1,993,757","3,640,900",46,1292.73,2007-07-01T00:00:00.0000000,,,2,Mountain Frames,15,15,ML Mountain Frame-W
907,Rear Brakes,RB-9231,Silver,"472,860","1,065,000",,317,2007-07-01T00:00:00.0000000,,,2,Brakes,128,128,Rear Brakes
908,LL Mountain Seat/Saddle,SE-M236,,"120,413","271,200",,,2007-07-01T00:00:00.0000000,,,2,Saddles,79,79,LL Mountain Seat/Saddle 2
909,ML Mountain Seat/Saddle,SE-M798,,"173,782","391,400",,,2007-07-01T00:00:00.0000000,,,2,Saddles,80,80,ML Mountain Seat/Saddle 2
910,HL Mountain Seat/Saddle,SE-M940,,"233,722","526,400",,,2007-07-01T00:00:00.0000000,,,2,Saddles,81,81,HL Mountain Seat/Saddle 2
911,LL Road Seat/Saddle,SE-R581,,"120,413","271,200",,,2007-07-01T00:00:00.0000000,,,2,Saddles,82,82,LL Road Seat/Saddle 1
912,ML Road Seat/Saddle,SE-R908,,"173,782","391,400",,,2007-07-01T00:00:00.0000000,,,2,Saddles,83,83,ML Road Seat/Saddle 2
913,HL Road Seat/Saddle,SE-R995,,"233,722","526,400",,,2007-07-01T00:00:00.0000000,,,2,Saddles,84,84,HL Road Seat/Saddle 2
914,LL Touring Seat/Saddle,SE-T312,,"120,413","271,200",,,2007-07-01T00:00:00.0000000,,,2,Saddles,66,66,LL Touring Seat/Saddle
915,ML Touring Seat/Saddle,SE-T762,,"173,782","391,400",,,2007-07-01T00:00:00.0000000,,,2,Saddles,65,65,ML Touring Seat/Saddle
916,HL Touring Seat/Saddle,SE-T924,,"233,722","526,400",,,2007-07-01T00:00:00.0000000,,,2,Saddles,67,67,HL Touring Seat/Saddle
917,"LL Mountain Frame - Silver, 42",FR-M21S-42,Silver,"1,445,938","2,640,500",42,1324.48,2007-07-01T00:00:00.0000000,,,2,Mountain Frames,8,8,LL Mountain Frame
918,"LL Mountain Frame - Silver, 44",FR-M21S-44,Silver,"1,445,938","2,640,500",44,1342.63,2007-07-01T00:00:00.0000000,,,2,Mountain Frames,8,8,LL Mountain Frame
919,"LL Mountain Frame - Silver, 48",FR-M21S-48,Silver,"1,445,938","2,640,500",48,1360.77,2007-07-01T00:00:00.0000000,,,2,Mountain Frames,8,8,LL Mountain Frame
920,"LL Mountain Frame - Silver, 52",FR-M21S-52,Silver,"1,445,938","2,640,500",52,1378.91,2007-07-01T00:00:00.0000000,,,2,Mountain Frames,8,8,LL Mountain Frame
921,Mountain Tire Tube,TT-M928,,"18,663","49,900",,,2007-07-01T00:00:00.0000000,,,4,Tires and Tubes,92,92,Mountain Tire Tube
922,Road Tire Tube,TT-R982,,"14,923","39,900",,,2007-07-01T00:00:00.0000000,,,4,Tires and Tubes,93,93,Road Tire Tube
923,Touring Tire Tube,TT-T092,,"18,663","49,900",,,2007-07-01T00:00:00.0000000,,,4,Tires and Tubes,94,94,Touring Tire Tube
924,"LL Mountain Frame - Black, 42",FR-M21B-42,Black,"1,367,850","2,497,900",42,1324.48,2007-07-01T00:00:00.0000000,,,2,Mountain Frames,8,8,LL Mountain Frame
925,"LL Mountain Frame - Black, 44",FR-M21B-44,Black,"1,367,850","2,497,900",44,1342.63,2007-07-01T00:00:00.0000000,,,2,Mountain Frames,8,8,LL Mountain Frame
926,"LL Mountain Frame - Black, 48",FR-M21B-48,Black,"1,367,850","2,497,900",48,1360.77,2007-07-01T00:00:00.0000000,,,2,Mountain Frames,8,8,LL Mountain Frame
927,"LL Mountain Frame - Black, 52",FR-M21B-52,Black,"1,367,850","2,497,900",52,1378.91,2007-07-01T00:00:00.0000000,,,2,Mountain Frames,8,8,LL Mountain Frame
928,LL Mountain Tire,TI-M267,,"93,463","249,900",,,2007-07-01T00:00:00.0000000,,,4,Tires and Tubes,85,85,LL Mountain Tire
929,ML Mountain Tire,TI-M602,,"112,163","299,900",,,2007-07-01T00:00:00.0000000,,,4,Tires and Tubes,86,86,ML Mountain Tire
930,HL Mountain Tire,TI-M823,,"130,900","350,000",,,2007-07-01T00:00:00.0000000,,,4,Tires and Tubes,87,87,HL Mountain Tire
931,LL Road Tire,TI-R092,,"80,373","214,900",,,2007-07-01T00:00:00.0000000,,,4,Tires and Tubes,88,88,LL Road Tire
932,ML Road Tire,TI-R628,,"93,463","249,900",,,2007-07-01T00:00:00.0000000,,,4,Tires and Tubes,89,89,ML Road Tire
933,HL Road Tire,TI-R982,,"121,924","326,000",,,2007-07-01T00:00:00.0000000,,,4,Tires and Tubes,90,90,HL Road Tire
934,Touring Tire,TI-T723,,"108,423","289,900",,,2007-07-01T00:00:00.0000000,,,4,Tires and Tubes,91,91,Touring Tire
935,LL Mountain Pedal,PD-M282,Silver/Black,"179,776","404,900",,218,2007-07-01T00:00:00.0000000,,,2,Pedals,62,62,LL Mountain Pedal
936,ML Mountain Pedal,PD-M340,Silver/Black,"275,680","620,900",,215,2007-07-01T00:00:00.0000000,,,2,Pedals,63,63,ML Mountain Pedal
937,HL Mountain Pedal,PD-M562,Silver/Black,"359,596","809,900",,185,2007-07-01T00:00:00.0000000,,,2,Pedals,64,64,HL Mountain Pedal
938,LL Road Pedal,PD-R347,Silver/Black,"179,776","404,900",,189,2007-07-01T00:00:00.0000000,,,2,Pedals,68,68,LL Road Pedal
939,ML Road Pedal,PD-R563,Silver/Black,"275,680","620,900",,168,2007-07-01T00:00:00.0000000,,,2,Pedals,69,69,ML Road Pedal
940,HL Road Pedal,PD-R853,Silver/Black,"359,596","809,900",,149,2007-07-01T00:00:00.0000000,,,2,Pedals,70,70,HL Road Pedal
941,Touring Pedal,PD-T852,Silver/Black,"359,596","809,900",,,2007-07-01T00:00:00.0000000,,,2,Pedals,53,53,Touring Pedal
942,"ML Mountain Frame-W - Silver, 38",FR-M63S-38,Silver,"1,993,757","3,640,900",38,1238.3,2007-07-01T00:00:00.0000000,,,2,Mountain Frames,15,15,ML Mountain Frame-W
943,"LL Mountain Frame - Black, 40",FR-M21B-40,Black,"1,367,850","2,497,900",40,1306.34,2007-07-01T00:00:00.0000000,,,2,Mountain Frames,8,8,LL Mountain Frame
944,"LL Mountain Frame - Silver, 40",FR-M21S-40,Silver,"1,445,938","2,640,500",40,1306.34,2007-07-01T00:00:00.0000000,,,2,Mountain Frames,8,8,LL Mountain Frame
945,Front Derailleur,FD-2342,Silver,"406,216","914,900",,88,2007-07-01T00:00:00.0000000,,,2,Derailleurs,103,103,Front Derailleur
946,LL Touring Handlebars,HB-T721,,"204,640","460,900",,,2007-07-01T00:00:00.0000000,,,2,Handlebars,47,47,LL Touring Handlebars
947,HL Touring Handlebars,HB-T928,,"406,571","915,700",,,2007-07-01T00:00:00.0000000,,,2,Handlebars,48,48,HL Touring Handlebars
948,Front Brakes,FB-9873,Silver,"472,860","1,065,000",,317,2007-07-01T00:00:00.0000000,,,2,Brakes,102,102,Front Brakes
949,LL Crankset,CS-4759,Black,"779,176","1,754,900",,600,2007-07-01T00:00:00.0000000,,,2,Cranksets,99,99,LL Crankset
950,ML Crankset,CS-6583,Black,"1,138,816","2,564,900",,635,2007-07-01T00:00:00.0000000,,,2,Cranksets,100,100,ML Crankset
951,HL Crankset,CS-9183,Black,"1,798,156","4,049,900",,575,2007-07-01T00:00:00.0000000,,,2,Cranksets,101,101,HL Crankset
952,Chain,CH-0234,Silver,"89,866","202,400",,,2007-07-01T00:00:00.0000000,,,2,Chains,98,98,Chain
953,"Touring-2000 Blue, 60",BK-T44U-60,Blue,"7,551,508","12,148,500",60,12655.16,2007-07-01T00:00:00.0000000,,,1,Touring Bikes,35,35,Touring-2000
954,"Touring-1000 Yellow, 46",BK-T79Y-46,Yellow,"14,819,379","23,840,700",46,11398.72,2007-07-01T00:00:00.0000000,,,1,Touring Bikes,34,34,Touring-1000
955,"Touring-1000 Yellow, 50",BK-T79Y-50,Yellow,"14,819,379","23,840,700",50,11530.26,2007-07-01T00:00:00.0000000,,,1,Touring Bikes,34,34,Touring-1000
956,"Touring-1000 Yellow, 54",BK-T79Y-54,Yellow,"14,819,379","23,840,700",54,11648.19,2007-07-01T00:00:00.0000000,,,1,Touring Bikes,34,34,Touring-1000
957,"Touring-1000 Yellow, 60",BK-T79Y-60,Yellow,"14,819,379","23,840,700",60,11747.98,2007-07-01T00:00:00.0000000,,,1,Touring Bikes,34,34,Touring-1000
958,"Touring-3000 Blue, 54",BK-T18U-54,Blue,"4,614,448","7,423,500",54,13462.55,2007-07-01T00:00:00.0000000,,,1,Touring Bikes,36,36,Touring-3000
959,"Touring-3000 Blue, 58",BK-T18U-58,Blue,"4,614,448","7,423,500",58,13562.34,2007-07-01T00:00:00.0000000,,,1,Touring Bikes,36,36,Touring-3000
960,"Touring-3000 Blue, 62",BK-T18U-62,Blue,"4,614,448","7,423,500",62,13607.7,2007-07-01T00:00:00.0000000,,,1,Touring Bikes,36,36,Touring-3000
961,"Touring-3000 Yellow, 44",BK-T18Y-44,Yellow,"4,614,448","7,423,500",44,13049.78,2007-07-01T00:00:00.0000000,,,1,Touring Bikes,36,36,Touring-3000
962,"Touring-3000 Yellow, 50",BK-T18Y-50,Yellow,"4,614,448","7,423,500",50,13213.08,2007-07-01T00:00:00.0000000,,,1,Touring Bikes,36,36,Touring-3000
963,"Touring-3000 Yellow, 54",BK-T18Y-54,Yellow,"4,614,448","7,423,500",54,13344.62,2007-07-01T00:00:00.0000000,,,1,Touring Bikes,36,36,Touring-3000
964,"Touring-3000 Yellow, 58",BK-T18Y-58,Yellow,"4,614,448","7,423,500",58,13512.45,2007-07-01T00:00:00.0000000,,,1,Touring Bikes,36,36,Touring-3000
965,"Touring-3000 Yellow, 62",BK-T18Y-62,Yellow,"4,614,448","7,423,500",62,13607.7,2007-07-01T00:00:00.0000000,,,1,Touring Bikes,36,36,Touring-3000
966,"Touring-1000 Blue, 46",BK-T79U-46,Blue,"14,819,379","23,840,700",46,11398.72,2007-07-01T00:00:00.0000000,,,1,Touring Bikes,34,34,Touring-1000
967,"Touring-1000 Blue, 50",BK-T79U-50,Blue,"14,819,379","23,840,700",50,11530.26,2007-07-01T00:00:00.0000000,,,1,Touring Bikes,34,34,Touring-1000
968,"Touring-1000 Blue, 54",BK-T79U-54,Blue,"14,819,379","23,840,700",54,11648.19,2007-07-01T00:00:00.0000000,,,1,Touring Bikes,34,34,Touring-1000
969,"Touring-1000 Blue, 60",BK-T79U-60,Blue,"14,819,379","23,840,700",60,11747.98,2007-07-01T00:00:00.0000000,,,1,Touring Bikes,34,34,Touring-1000
970,"Touring-2000 Blue, 46",BK-T44U-46,Blue,"7,551,508","12,148,500",46,12305.9,2007-07-01T00:00:00.0000000,,,1,Touring Bikes,35,35,Touring-2000
971,"Touring-2000 Blue, 50",BK-T44U-50,Blue,"7,551,508","12,148,500",50,12437.44,2007-07-01T00:00:00.0000000,,,1,Touring Bikes,35,35,Touring-2000
972,"Touring-2000 Blue, 54",BK-T44U-54,Blue,"7,551,508","12,148,500",54,12555.37,2007-07-01T00:00:00.0000000,,,1,Touring Bikes,35,35,Touring-2000
973,"Road-350-W Yellow, 40",BK-R79Y-40,Yellow,"10,825,100","17,009,900",40,6962.61,2007-07-01T00:00:00.0000000,,,1,Road Bikes,27,27,Road-350-W
974,"Road-350-W Yellow, 42",BK-R79Y-42,Yellow,"10,825,100","17,009,900",42,7153.11,2007-07-01T00:00:00.0000000,,,1,Road Bikes,27,27,Road-350-W
975,"Road-350-W Yellow, 44",BK-R79Y-44,Yellow,"10,825,100","17,009,900",44,7316.41,2007-07-01T00:00:00.0000000,,,1,Road Bikes,27,27,Road-350-W
976,"Road-350-W Yellow, 48",BK-R79Y-48,Yellow,"10,825,100","17,009,900",48,7447.95,2007-07-01T00:00:00.0000000,,,1,Road Bikes,27,27,Road-350-W
977,"Road-750 Black, 58",BK-R19B-58,Black,"3,436,496","5,399,900",58,9430.14,2007-07-01T00:00:00.0000000,,,1,Road Bikes,31,31,Road-750
978,"Touring-3000 Blue, 44",BK-T18U-44,Blue,"4,614,448","7,423,500",44,13049.78,2007-07-01T00:00:00.0000000,,,1,Touring Bikes,36,36,Touring-3000
979,"Touring-3000 Blue, 50",BK-T18U-50,Blue,"4,614,448","7,423,500",50,13213.08,2007-07-01T00:00:00.0000000,,,1,Touring Bikes,36,36,Touring-3000
980,"Mountain-400-W Silver, 38",BK-M38S-38,Silver,"4,197,784","7,694,900",38,11952.1,2007-07-01T00:00:00.0000000,,,1,Mountain Bikes,22,22,Mountain-400-W
981,"Mountain-400-W Silver, 40",BK-M38S-40,Silver,"4,197,784","7,694,900",40,12142.6,2007-07-01T00:00:00.0000000,,,1,Mountain Bikes,22,22,Mountain-400-W
982,"Mountain-400-W Silver, 42",BK-M38S-42,Silver,"4,197,784","7,694,900",42,12305.9,2007-07-01T00:00:00.0000000,,,1,Mountain Bikes,22,22,Mountain-400-W
983,"Mountain-400-W Silver, 46",BK-M38S-46,Silver,"4,197,784","7,694,900",46,12437.44,2007-07-01T00:00:00.0000000,,,1,Mountain Bikes,22,22,Mountain-400-W
984,"Mountain-500 Silver, 40",BK-M18S-40,Silver,"3,082,179","5,649,900",40,12405.69,2007-07-01T00:00:00.0000000,,,1,Mountain Bikes,23,23,Mountain-500
985,"Mountain-500 Silver, 42",BK-M18S-42,Silver,"3,082,179","5,649,900",42,12596.19,2007-07-01T00:00:00.0000000,,,1,Mountain Bikes,23,23,Mountain-500
986,"Mountain-500 Silver, 44",BK-M18S-44,Silver,"3,082,179","5,649,900",44,12759.49,2007-07-01T00:00:00.0000000,,,1,Mountain Bikes,23,23,Mountain-500
987,"Mountain-500 Silver, 48",BK-M18S-48,Silver,"3,082,179","5,649,900",48,12891.03,2007-07-01T00:00:00.0000000,,,1,Mountain Bikes,23,23,Mountain-500
988,"Mountain-500 Silver, 52",BK-M18S-52,Silver,"3,082,179","5,649,900",52,13008.96,2007-07-01T00:00:00.0000000,,,1,Mountain Bikes,23,23,Mountain-500
989,"Mountain-500 Black, 40",BK-M18B-40,Black,"2,945,797","5,399,900",40,12405.69,2007-07-01T00:00:00.0000000,,,1,Mountain Bikes,23,23,Mountain-500
990,"Mountain-500 Black, 42",BK-M18B-42,Black,"2,945,797","5,399,900",42,12596.19,2007-07-01T00:00:00.0000000,,,1,Mountain Bikes,23,23,Mountain-500
991,"Mountain-500 Black, 44",BK-M18B-44,Black,"2,945,797","5,399,900",44,12759.49,2007-07-01T00:00:00.0000000,,,1,Mountain Bikes,23,23,Mountain-500
992,"Mountain-500 Black, 48",BK-M18B-48,Black,"2,945,797","5,399,900",48,12891.03,2007-07-01T00:00:00.0000000,,,1,Mountain Bikes,23,23,Mountain-500
993,"Mountain-500 Black, 52",BK-M18B-52,Black,"2,945,797","5,399,900",52,13008.96,2007-07-01T00:00:00.0000000,,,1,Mountain Bikes,23,23,Mountain-500
994,LL Bottom Bracket,BB-7421,,"239,716","539,900",,223,2007-07-01T00:00:00.0000000,,,2,Bottom Brackets,95,95,LL Bottom Bracket
995,ML Bottom Bracket,BB-8107,,"449,506","1,012,400",,168,2007-07-01T00:00:00.0000000,,,2,Bottom Brackets,96,96,ML Bottom Bracket
996,HL Bottom Bracket,BB-9108,,"539,416","1,214,900",,170,2007-07-01T00:00:00.0000000,,,2,Bottom Brackets,97,97,HL Bottom Bracket
997,"Road-750 Black, 44",BK-R19B-44,Black,"3,436,496","5,399,900",44,8967.47,2007-07-01T00:00:00.0000000,,,1,Road Bikes,31,31,Road-750
998,"Road-750 Black, 48",BK-R19B-48,Black,"3,436,496","5,399,900",48,9130.77,2007-07-01T00:00:00.0000000,,,1,Road Bikes,31,31,Road-750
999,"Road-750 Black, 52",BK-R19B-52,Black,"3,436,496","5,399,900",52,9262.31,2007-07-01T00:00:00.0000000,,,1,Road Bikes,31,31,Road-750
